asset,test_year,v7_skill,v8_skill,better
AAPL,2020,-0.049571,-0.003333,v8
AAPL,2022,-0.322183,-0.029655,v8
AAPL,2024,-0.303267,-0.034172,v8
AAPL,2026,-0.113684,-0.107475,v8
QQQ,2020,-0.063094,0.003630,v8
QQQ,2022,-0.151513,-0.054620,v8
QQQ,2024,-0.296208,-0.077359,v8
QQQ,2026,-0.142320,-0.090678,v8
FTSE,2020,-0.084696,-0.165603,v7
FTSE,2022,-0.141592,-0.147080,v7
FTSE,2024,-0.313012,-0.196505,v8
FTSE,2026,-0.115077,-0.024021,v8
BTCUSD,2020,-0.278262,0.009908,v8
BTCUSD,2022,-0.300231,-0.031569,v8
BTCUSD,2024,-0.131276,-0.017201,v8
BTCUSD,2026,-0.278606,-0.158611,v8
SPY,2020,-0.054591,0.001182,v8
SPY,2022,-0.144303,-0.053796,v8
SPY,2024,-0.382540,-0.083470,v8
SPY,2026,-0.207020,-0.228046,v7
