,Date,Close
0,2017-11-09,320.8840026855469
1,2017-11-10,299.25299072265625
2,2017-11-11,314.6809997558594
3,2017-11-12,307.9079895019531
4,2017-11-13,316.71600341796875
5,2017-11-14,337.6310119628906
6,2017-11-15,333.35699462890625
7,2017-11-16,330.92401123046875
8,2017-11-17,332.3940124511719
9,2017-11-18,347.61199951171875
10,2017-11-19,354.385986328125
11,2017-11-20,366.7300109863281
12,2017-11-21,360.4010009765625
13,2017-11-22,380.6520080566406
14,2017-11-23,410.1659851074219
15,2017-11-24,474.9110107421875
16,2017-11-25,466.2760009765625
17,2017-11-26,471.3299865722656
18,2017-11-27,480.3550109863281
19,2017-11-28,472.9020080566406
20,2017-11-29,427.52301025390625
21,2017-11-30,447.114013671875
22,2017-12-01,466.5400085449219
23,2017-12-02,463.4490051269531
24,2017-12-03,465.8529968261719
25,2017-12-04,470.2040100097656
26,2017-12-05,463.281005859375
27,2017-12-06,428.5880126953125
28,2017-12-07,434.4079895019531
29,2017-12-08,456.031005859375
30,2017-12-09,473.50201416015625
31,2017-12-10,441.72100830078125
32,2017-12-11,515.135986328125
33,2017-12-12,651.4310302734375
34,2017-12-13,702.7670288085938
35,2017-12-14,695.8159790039062
36,2017-12-15,684.447998046875
37,2017-12-16,696.208984375
38,2017-12-17,719.9749755859375
39,2017-12-18,794.64501953125
40,2017-12-19,826.822998046875
41,2017-12-20,819.0859985351562
42,2017-12-21,821.06298828125
43,2017-12-22,674.8599853515625
44,2017-12-23,719.3870239257812
45,2017-12-24,694.1480102539062
46,2017-12-25,765.833984375
47,2017-12-26,773.8359985351562
48,2017-12-27,762.8419799804688
49,2017-12-28,737.0230102539062
50,2017-12-29,753.5919799804688
51,2017-12-30,717.2570190429688
52,2017-12-31,756.7329711914062
53,2018-01-01,772.6409912109375
54,2018-01-02,884.4439697265625
55,2018-01-03,962.719970703125
56,2018-01-04,980.9219970703125
57,2018-01-05,997.719970703125
58,2018-01-06,1041.6800537109375
59,2018-01-07,1153.1700439453125
60,2018-01-08,1148.530029296875
61,2018-01-09,1299.739990234375
62,2018-01-10,1255.8199462890625
63,2018-01-11,1154.9300537109375
64,2018-01-12,1273.199951171875
65,2018-01-13,1396.4200439453125
66,2018-01-14,1366.77001953125
67,2018-01-15,1291.9200439453125
68,2018-01-16,1053.68994140625
69,2018-01-17,1014.25
70,2018-01-18,1036.280029296875
71,2018-01-19,1039.0999755859375
72,2018-01-20,1155.1500244140625
73,2018-01-21,1049.5799560546875
74,2018-01-22,1003.260009765625
75,2018-01-23,986.22900390625
76,2018-01-24,1058.780029296875
77,2018-01-25,1056.030029296875
78,2018-01-26,1055.1700439453125
79,2018-01-27,1107.0699462890625
80,2018-01-28,1246.010009765625
81,2018-01-29,1182.3599853515625
82,2018-01-30,1071.1300048828125
83,2018-01-31,1118.31005859375
84,2018-02-01,1036.7900390625
85,2018-02-02,915.7849731445312
86,2018-02-03,964.0189819335938
87,2018-02-04,834.6820068359375
88,2018-02-05,697.9509887695312
89,2018-02-06,793.1220092773438
90,2018-02-07,757.0679931640625
91,2018-02-08,817.8070068359375
92,2018-02-09,883.864990234375
93,2018-02-10,860.4149780273438
94,2018-02-11,814.6599731445312
95,2018-02-12,868.7069702148438
96,2018-02-13,845.2579956054688
97,2018-02-14,923.5609741210938
98,2018-02-15,936.9760131835938
99,2018-02-16,944.2100219726562
100,2018-02-17,974.114990234375
101,2018-02-18,923.9210205078125
102,2018-02-19,943.864990234375
103,2018-02-20,895.3709716796875
104,2018-02-21,849.9710083007812
105,2018-02-22,812.844970703125
106,2018-02-23,864.1890258789062
107,2018-02-24,840.5150146484375
108,2018-02-25,844.8099975585938
109,2018-02-26,869.3150024414062
110,2018-02-27,878.2650146484375
111,2018-02-28,855.198974609375
112,2018-03-01,872.2000122070312
113,2018-03-02,856.85302734375
114,2018-03-03,857.2249755859375
115,2018-03-04,866.677978515625
116,2018-03-05,853.6840209960938
117,2018-03-06,816.9509887695312
118,2018-03-07,752.8309936523438
119,2018-03-08,704.5960083007812
120,2018-03-09,728.916015625
121,2018-03-10,686.8900146484375
122,2018-03-11,723.3389892578125
123,2018-03-12,699.8309936523438
124,2018-03-13,690.8270263671875
125,2018-03-14,614.291015625
126,2018-03-15,611.3040161132812
127,2018-03-16,601.666015625
128,2018-03-17,552.7789916992188
129,2018-03-18,538.6439819335938
130,2018-03-19,556.7260131835938
131,2018-03-20,557.1749877929688
132,2018-03-21,561.7319946289062
133,2018-03-22,539.7020263671875
134,2018-03-23,539.6190185546875
135,2018-03-24,526.4390258789062
136,2018-03-25,524.2869873046875
137,2018-03-26,489.95098876953125
138,2018-03-27,450.1159973144531
139,2018-03-28,446.27899169921875
140,2018-03-29,385.9679870605469
141,2018-03-30,394.6449890136719
142,2018-03-31,396.4570007324219
143,2018-04-01,379.60699462890625
144,2018-04-02,386.42498779296875
145,2018-04-03,416.89300537109375
146,2018-04-04,380.5429992675781
147,2018-04-05,383.23199462890625
148,2018-04-06,370.2850036621094
149,2018-04-07,385.3139953613281
150,2018-04-08,400.50799560546875
151,2018-04-09,398.5260009765625
152,2018-04-10,414.2430114746094
153,2018-04-11,430.5400085449219
154,2018-04-12,492.9410095214844
155,2018-04-13,492.7349853515625
156,2018-04-14,501.4779968261719
157,2018-04-15,531.7020263671875
158,2018-04-16,511.1470031738281
159,2018-04-17,502.8940124511719
160,2018-04-18,524.7890014648438
161,2018-04-19,567.8889770507812
162,2018-04-20,615.718017578125
163,2018-04-21,605.39501953125
164,2018-04-22,621.8599853515625
165,2018-04-23,642.5479736328125
166,2018-04-24,708.1580200195312
167,2018-04-25,615.416015625
168,2018-04-26,662.8090209960938
169,2018-04-27,647.031982421875
170,2018-04-28,683.677978515625
171,2018-04-29,688.8809814453125
172,2018-04-30,669.9240112304688
173,2018-05-01,673.6129760742188
174,2018-05-02,687.1489868164062
175,2018-05-03,779.5430297851562
176,2018-05-04,785.6240234375
177,2018-05-05,816.1199951171875
178,2018-05-06,792.3109741210938
179,2018-05-07,753.7249755859375
180,2018-05-08,752.8569946289062
181,2018-05-09,752.2750244140625
182,2018-05-10,727.2769775390625
183,2018-05-11,679.5859985351562
184,2018-05-12,686.0479736328125
185,2018-05-13,733.4959716796875
186,2018-05-14,730.5490112304688
187,2018-05-15,708.8709716796875
188,2018-05-16,707.0499877929688
189,2018-05-17,672.656982421875
190,2018-05-18,694.3670043945312
191,2018-05-19,696.530029296875
192,2018-05-20,715.3690185546875
193,2018-05-21,699.2219848632812
194,2018-05-22,647.7410278320312
195,2018-05-23,583.5850219726562
196,2018-05-24,601.7550048828125
197,2018-05-25,586.7340087890625
198,2018-05-26,587.280029296875
199,2018-05-27,572.6680297851562
200,2018-05-28,516.0360107421875
201,2018-05-29,565.3880004882812
202,2018-05-30,559.5900268554688
203,2018-05-31,577.64501953125
204,2018-06-01,580.0430297851562
205,2018-06-02,591.8079833984375
206,2018-06-03,618.3289794921875
207,2018-06-04,592.9849853515625
208,2018-06-05,609.302978515625
209,2018-06-06,607.1240234375
210,2018-06-07,605.18701171875
211,2018-06-08,601.0770263671875
212,2018-06-09,597.56201171875
213,2018-06-10,526.47900390625
214,2018-06-11,533.2839965820312
215,2018-06-12,496.8429870605469
216,2018-06-13,477.4939880371094
217,2018-06-14,519.7420043945312
218,2018-06-15,491.0039978027344
219,2018-06-16,499.6419982910156
220,2018-06-17,500.447998046875
221,2018-06-18,518.8909912109375
222,2018-06-19,537.9569702148438
223,2018-06-20,536.2680053710938
224,2018-06-21,527.3670043945312
225,2018-06-22,465.8169860839844
226,2018-06-23,474.5199890136719
227,2018-06-24,457.6719970703125
228,2018-06-25,460.30999755859375
229,2018-06-26,432.7720031738281
230,2018-06-27,442.364990234375
231,2018-06-28,422.364990234375
232,2018-06-29,436.0090026855469
233,2018-06-30,455.17999267578125
234,2018-07-01,453.9179992675781
235,2018-07-02,475.34698486328125
236,2018-07-03,464.19500732421875
237,2018-07-04,467.3179931640625
238,2018-07-05,474.4119873046875
239,2018-07-06,474.0119934082031
240,2018-07-07,491.6600036621094
241,2018-07-08,489.1189880371094
242,2018-07-09,476.6820068359375
243,2018-07-10,434.42401123046875
244,2018-07-11,446.51800537109375
245,2018-07-12,430.0740051269531
246,2018-07-13,434.0270080566406
247,2018-07-14,436.08599853515625
248,2018-07-15,449.8500061035156
249,2018-07-16,480.6579895019531
250,2018-07-17,501.00201416015625
251,2018-07-18,480.51300048828125
252,2018-07-19,469.6189880371094
253,2018-07-20,450.697998046875
254,2018-07-21,462.4360046386719
255,2018-07-22,459.6570129394531
256,2018-07-23,450.8529968261719
257,2018-07-24,479.37298583984375
258,2018-07-25,472.4930114746094
259,2018-07-26,464.0369873046875
260,2018-07-27,469.6659851074219
261,2018-07-28,466.89801025390625
262,2018-07-29,466.6650085449219
263,2018-07-30,457.08099365234375
264,2018-07-31,433.86700439453125
265,2018-08-01,420.74700927734375
266,2018-08-02,412.6210021972656
267,2018-08-03,418.2619934082031
268,2018-08-04,407.25201416015625
269,2018-08-05,410.5159912109375
270,2018-08-06,406.6579895019531
271,2018-08-07,380.2149963378906
272,2018-08-08,356.6130065917969
273,2018-08-09,365.5880126953125
274,2018-08-10,334.1759948730469
275,2018-08-11,322.11199951171875
276,2018-08-12,319.57000732421875
277,2018-08-13,286.4949951171875
278,2018-08-14,278.9320068359375
279,2018-08-15,282.364013671875
280,2018-08-16,288.0459899902344
281,2018-08-17,315.72900390625
282,2018-08-18,295.81201171875
283,2018-08-19,300.8340148925781
284,2018-08-20,274.31500244140625
285,2018-08-21,281.9440002441406
286,2018-08-22,271.34100341796875
287,2018-08-23,277.10400390625
288,2018-08-24,282.9670104980469
289,2018-08-25,279.64599609375
290,2018-08-26,275.1969909667969
291,2018-08-27,285.6029968261719
292,2018-08-28,296.4989929199219
293,2018-08-29,289.31201171875
294,2018-08-30,284.1050109863281
295,2018-08-31,283.0039978027344
296,2018-09-01,295.34100341796875
297,2018-09-02,294.3710021972656
298,2018-09-03,289.2590026855469
299,2018-09-04,285.7229919433594
300,2018-09-05,232.33099365234375
301,2018-09-06,230.21499633789062
302,2018-09-07,217.2030029296875
303,2018-09-08,197.9510040283203
304,2018-09-09,196.9239959716797
305,2018-09-10,197.07899475097656
306,2018-09-11,185.0659942626953
307,2018-09-12,183.33099365234375
308,2018-09-13,211.35400390625
309,2018-09-14,211.74899291992188
310,2018-09-15,223.07400512695312
311,2018-09-16,220.58900451660156
312,2018-09-17,197.875
313,2018-09-18,209.97500610351562
314,2018-09-19,209.968994140625
315,2018-09-20,224.59100341796875
316,2018-09-21,246.58399963378906
317,2018-09-22,240.47999572753906
318,2018-09-23,244.3300018310547
319,2018-09-24,228.72999572753906
320,2018-09-25,218.5050048828125
321,2018-09-26,215.8470001220703
322,2018-09-27,228.49400329589844
323,2018-09-28,222.40199279785156
324,2018-09-29,231.63499450683594
325,2018-09-30,232.84800720214844
326,2018-10-01,230.76800537109375
327,2018-10-02,227.18099975585938
328,2018-10-03,220.48899841308594
329,2018-10-04,222.21800231933594
330,2018-10-05,227.6009979248047
331,2018-10-06,225.1199951171875
332,2018-10-07,226.11900329589844
333,2018-10-08,229.2550048828125
334,2018-10-09,227.98199462890625
335,2018-10-10,225.7689971923828
336,2018-10-11,189.49899291992188
337,2018-10-12,196.7270050048828
338,2018-10-13,199.84100341796875
339,2018-10-14,195.71499633789062
340,2018-10-15,209.70399475097656
341,2018-10-16,210.1199951171875
342,2018-10-17,207.08299255371094
343,2018-10-18,203.3520050048828
344,2018-10-19,203.7270050048828
345,2018-10-20,205.42999267578125
346,2018-10-21,205.14199829101562
347,2018-10-22,204.04400634765625
348,2018-10-23,204.33599853515625
349,2018-10-24,203.8520050048828
350,2018-10-25,202.718994140625
351,2018-10-26,203.32899475097656
352,2018-10-27,204.2100067138672
353,2018-10-28,205.36599731445312
354,2018-10-29,197.2469940185547
355,2018-10-30,197.55599975585938
356,2018-10-31,197.38099670410156
357,2018-11-01,198.8719940185547
358,2018-11-02,200.63499450683594
359,2018-11-03,200.18600463867188
360,2018-11-04,207.48599243164062
361,2018-11-05,209.09100341796875
362,2018-11-06,218.45199584960938
363,2018-11-07,217.18299865722656
364,2018-11-08,212.2310028076172
365,2018-11-09,210.07400512695312
366,2018-11-10,212.5330047607422
367,2018-11-11,211.33999633789062
368,2018-11-12,210.41799926757812
369,2018-11-13,206.8260040283203
370,2018-11-14,181.39700317382812
371,2018-11-15,180.80599975585938
372,2018-11-16,175.177001953125
373,2018-11-17,174.00100708007812
374,2018-11-18,177.06700134277344
375,2018-11-19,149.1750030517578
376,2018-11-20,130.33900451660156
377,2018-11-21,136.7010040283203
378,2018-11-22,126.70600128173828
379,2018-11-23,123.2959976196289
380,2018-11-24,113.49400329589844
381,2018-11-25,116.44999694824219
382,2018-11-26,108.33499908447266
383,2018-11-27,110.01000213623047
384,2018-11-28,122.43800354003906
385,2018-11-29,117.54264831542969
386,2018-11-30,113.17141723632812
387,2018-12-01,118.63555908203125
388,2018-12-02,116.38890075683594
389,2018-12-03,108.92501831054688
390,2018-12-04,110.21418762207031
391,2018-12-05,102.47555541992188
392,2018-12-06,91.76105499267578
393,2018-12-07,93.29456329345703
394,2018-12-08,92.15963745117188
395,2018-12-09,95.14205932617188
396,2018-12-10,91.68565368652344
397,2018-12-11,88.94530487060547
398,2018-12-12,90.59329986572266
399,2018-12-13,86.53931427001953
400,2018-12-14,84.30829620361328
401,2018-12-15,84.44081115722656
402,2018-12-16,85.26210021972656
403,2018-12-17,95.13382720947266
404,2018-12-18,101.11245727539062
405,2018-12-19,101.2685775756836
406,2018-12-20,116.21687316894531
407,2018-12-21,109.49623107910156
408,2018-12-22,116.7594985961914
409,2018-12-23,130.7652587890625
410,2018-12-24,140.23800659179688
411,2018-12-25,129.84434509277344
412,2018-12-26,131.86563110351562
413,2018-12-27,116.57591247558594
414,2018-12-28,137.6470184326172
415,2018-12-29,138.01834106445312
416,2018-12-30,139.8594512939453
417,2018-12-31,133.36825561523438
418,2019-01-01,140.8194122314453
419,2019-01-02,155.0476837158203
420,2019-01-03,149.135009765625
421,2019-01-04,154.58193969726562
422,2019-01-05,155.6385955810547
423,2019-01-06,157.74620056152344
424,2019-01-07,151.69921875
425,2019-01-08,150.35963439941406
426,2019-01-09,150.80311584472656
427,2019-01-10,128.62518310546875
428,2019-01-11,127.54832458496094
429,2019-01-12,125.9665298461914
430,2019-01-13,116.8978042602539
431,2019-01-14,129.0687255859375
432,2019-01-15,122.03271484375
433,2019-01-16,123.54706573486328
434,2019-01-17,123.7419204711914
435,2019-01-18,121.01026153564453
436,2019-01-19,124.5190200805664
437,2019-01-20,119.4748306274414
438,2019-01-21,117.15785217285156
439,2019-01-22,118.74755096435547
440,2019-01-23,117.45260620117188
441,2019-01-24,117.36288452148438
442,2019-01-25,116.37834167480469
443,2019-01-26,116.48873901367188
444,2019-01-27,113.40528869628906
445,2019-01-28,106.58997344970703
446,2019-01-29,105.59821319580078
447,2019-01-30,108.90753936767578
448,2019-01-31,107.0610122680664
449,2019-02-01,107.60978698730469
450,2019-02-02,110.43025970458984
451,2019-02-03,107.49266815185547
452,2019-02-04,107.82160186767578
453,2019-02-05,107.44351959228516
454,2019-02-06,104.9192886352539
455,2019-02-07,104.5353012084961
456,2019-02-08,119.26774597167969
457,2019-02-09,119.4308853149414
458,2019-02-10,124.80648803710938
459,2019-02-11,121.29839324951172
460,2019-02-12,122.5722885131836
461,2019-02-13,122.55360412597656
462,2019-02-14,121.39020538330078
463,2019-02-15,122.10038757324219
464,2019-02-16,123.26021575927734
465,2019-02-17,133.598876953125
466,2019-02-18,146.09837341308594
467,2019-02-19,145.34619140625
468,2019-02-20,149.55433654785156
469,2019-02-21,146.13084411621094
470,2019-02-22,149.0924530029297
471,2019-02-23,158.79542541503906
472,2019-02-24,135.8526611328125
473,2019-02-25,139.82286071777344
474,2019-02-26,138.0896759033203
475,2019-02-27,136.12596130371094
476,2019-02-28,136.74624633789062
477,2019-03-01,136.44361877441406
478,2019-03-02,134.2069549560547
479,2019-03-03,132.24942016601562
480,2019-03-04,127.77412414550781
481,2019-03-05,137.8223876953125
482,2019-03-06,138.7893524169922
483,2019-03-07,138.0345001220703
484,2019-03-08,135.1270751953125
485,2019-03-09,137.96533203125
486,2019-03-10,136.75868225097656
487,2019-03-11,133.8340301513672
488,2019-03-12,134.44288635253906
489,2019-03-13,133.26307678222656
490,2019-03-14,133.7115936279297
491,2019-03-15,137.69178771972656
492,2019-03-16,142.39817810058594
493,2019-03-17,140.00054931640625
494,2019-03-18,139.37460327148438
495,2019-03-19,140.51919555664062
496,2019-03-20,140.6863555908203
497,2019-03-21,136.6360626220703
498,2019-03-22,137.1814422607422
499,2019-03-23,138.2398681640625
500,2019-03-24,136.98692321777344
501,2019-03-25,135.03102111816406
502,2019-03-26,135.46035766601562
503,2019-03-27,140.9881591796875
504,2019-03-28,139.41647338867188
505,2019-03-29,142.49742126464844
506,2019-03-30,142.09268188476562
507,2019-03-31,141.51409912109375
508,2019-04-01,141.830322265625
509,2019-04-02,163.9617462158203
510,2019-04-03,161.45880126953125
511,2019-04-04,158.0525360107422
512,2019-04-05,165.5148468017578
513,2019-04-06,165.94720458984375
514,2019-04-07,174.53164672851562
515,2019-04-08,180.25881958007812
516,2019-04-09,176.1145782470703
517,2019-04-10,177.3374786376953
518,2019-04-11,165.4970245361328
519,2019-04-12,164.736328125
520,2019-04-13,164.5133514404297
521,2019-04-14,167.83851623535156
522,2019-04-15,161.5741729736328
523,2019-04-16,167.62344360351562
524,2019-04-17,166.9507598876953
525,2019-04-18,173.81402587890625
526,2019-04-19,173.70843505859375
527,2019-04-20,173.7512664794922
528,2019-04-21,170.04652404785156
529,2019-04-22,171.87466430664062
530,2019-04-23,171.4477996826172
531,2019-04-24,165.8260955810547
532,2019-04-25,154.4593963623047
533,2019-04-26,156.3470916748047
534,2019-04-27,158.4349365234375
535,2019-04-28,157.29507446289062
536,2019-04-29,155.20199584960938
537,2019-04-30,162.16603088378906
538,2019-05-01,160.81834411621094
539,2019-05-02,162.12278747558594
540,2019-05-03,167.95240783691406
541,2019-05-04,164.02658081054688
542,2019-05-05,163.45069885253906
543,2019-05-06,172.65321350097656
544,2019-05-07,169.7986602783203
545,2019-05-08,170.9481658935547
546,2019-05-09,170.289306640625
547,2019-05-10,173.1427459716797
548,2019-05-11,194.30433654785156
549,2019-05-12,187.3253173828125
550,2019-05-13,196.84628295898438
551,2019-05-14,217.14857482910156
552,2019-05-15,247.15306091308594
553,2019-05-16,264.010009765625
554,2019-05-17,243.76458740234375
555,2019-05-18,234.59523010253906
556,2019-05-19,261.2922058105469
557,2019-05-20,251.86441040039062
558,2019-05-21,255.21588134765625
559,2019-05-22,244.69891357421875
560,2019-05-23,245.96566772460938
561,2019-05-24,249.4849853515625
562,2019-05-25,251.75987243652344
563,2019-05-26,267.06964111328125
564,2019-05-27,272.8626403808594
565,2019-05-28,271.7687072753906
566,2019-05-29,269.4556884765625
567,2019-05-30,255.85894775390625
568,2019-05-31,268.1135559082031
569,2019-06-01,265.3912658691406
570,2019-06-02,270.22552490234375
571,2019-06-03,252.60792541503906
572,2019-06-04,241.3387908935547
573,2019-06-05,247.05101013183594
574,2019-06-06,249.47433471679688
575,2019-06-07,250.93035888671875
576,2019-06-08,245.73809814453125
577,2019-06-09,233.08670043945312
578,2019-06-10,247.52012634277344
579,2019-06-11,245.78182983398438
580,2019-06-12,260.9032897949219
581,2019-06-13,256.1687927246094
582,2019-06-14,264.08746337890625
583,2019-06-15,269.0193176269531
584,2019-06-16,269.22320556640625
585,2019-06-17,274.3511047363281
586,2019-06-18,265.0518493652344
587,2019-06-19,269.4317932128906
588,2019-06-20,271.69500732421875
589,2019-06-21,294.9102783203125
590,2019-06-22,309.38031005859375
591,2019-06-23,307.8277893066406
592,2019-06-24,310.4246826171875
593,2019-06-25,318.1263122558594
594,2019-06-26,336.753173828125
595,2019-06-27,294.26763916015625
596,2019-06-28,311.2261047363281
597,2019-06-29,320.05889892578125
598,2019-06-30,290.69598388671875
599,2019-07-01,293.64111328125
600,2019-07-02,291.596435546875
601,2019-07-03,303.0999755859375
602,2019-07-04,284.5232238769531
603,2019-07-05,287.9975280761719
604,2019-07-06,287.547119140625
605,2019-07-07,305.7005615234375
606,2019-07-08,313.25140380859375
607,2019-07-09,308.8810119628906
608,2019-07-10,290.0023193359375
609,2019-07-11,268.70404052734375
610,2019-07-12,276.2767028808594
611,2019-07-13,269.45880126953125
612,2019-07-14,227.57806396484375
613,2019-07-15,229.7760009765625
614,2019-07-16,199.1886749267578
615,2019-07-17,211.48497009277344
616,2019-07-18,226.566162109375
617,2019-07-19,221.3334197998047
618,2019-07-20,229.1192169189453
619,2019-07-21,225.63076782226562
620,2019-07-22,217.5600128173828
621,2019-07-23,212.728515625
622,2019-07-24,217.04637145996094
623,2019-07-25,219.6179962158203
624,2019-07-26,219.62960815429688
625,2019-07-27,207.40830993652344
626,2019-07-28,211.18655395507812
627,2019-07-29,211.26805114746094
628,2019-07-30,210.52259826660156
629,2019-07-31,218.65414428710938
630,2019-08-01,217.80844116210938
631,2019-08-02,217.87156677246094
632,2019-08-03,222.49034118652344
633,2019-08-04,222.6697235107422
634,2019-08-05,234.21502685546875
635,2019-08-06,226.02064514160156
636,2019-08-07,226.39100646972656
637,2019-08-08,220.94186401367188
638,2019-08-09,210.48890686035156
639,2019-08-10,206.73353576660156
640,2019-08-11,216.09286499023438
641,2019-08-12,211.28807067871094
642,2019-08-13,208.70904541015625
643,2019-08-14,186.6077423095703
644,2019-08-15,188.50205993652344
645,2019-08-16,185.44007873535156
646,2019-08-17,185.68768310546875
647,2019-08-18,194.4935302734375
648,2019-08-19,203.09193420410156
649,2019-08-20,196.56541442871094
650,2019-08-21,186.89163208007812
651,2019-08-22,191.33291625976562
652,2019-08-23,194.70620727539062
653,2019-08-24,191.28956604003906
654,2019-08-25,186.84239196777344
655,2019-08-26,188.92938232421875
656,2019-08-27,187.51666259765625
657,2019-08-28,173.8899688720703
658,2019-08-29,169.51673889160156
659,2019-08-30,168.83486938476562
660,2019-08-31,172.46978759765625
661,2019-09-01,171.62942504882812
662,2019-09-02,178.34735107421875
663,2019-09-03,179.49932861328125
664,2019-09-04,175.99288940429688
665,2019-09-05,174.21713256835938
666,2019-09-06,169.9561767578125
667,2019-09-07,178.2626190185547
668,2019-09-08,181.35552978515625
669,2019-09-09,181.1494598388672
670,2019-09-10,179.78717041015625
671,2019-09-11,178.72549438476562
672,2019-09-12,181.01609802246094
673,2019-09-13,181.10972595214844
674,2019-09-14,188.1055145263672
675,2019-09-15,189.78912353515625
676,2019-09-16,197.11317443847656
677,2019-09-17,208.60874938964844
678,2019-09-18,211.39303588867188
679,2019-09-19,221.28085327148438
680,2019-09-20,218.050048828125
681,2019-09-21,215.51620483398438
682,2019-09-22,211.54537963867188
683,2019-09-23,201.9213104248047
684,2019-09-24,168.11073303222656
685,2019-09-25,170.8927001953125
686,2019-09-26,166.7271270751953
687,2019-09-27,174.71099853515625
688,2019-09-28,174.57289123535156
689,2019-09-29,170.50347900390625
690,2019-09-30,179.87220764160156
691,2019-10-01,177.34042358398438
692,2019-10-02,180.71051025390625
693,2019-10-03,175.1993408203125
694,2019-10-04,176.98500061035156
695,2019-10-05,176.3515167236328
696,2019-10-06,173.05914306640625
697,2019-10-07,181.18634033203125
698,2019-10-08,182.0215606689453
699,2019-10-09,193.2932586669922
700,2019-10-10,191.65966796875
701,2019-10-11,182.56968688964844
702,2019-10-12,180.82664489746094
703,2019-10-13,182.0751495361328
704,2019-10-14,186.96090698242188
705,2019-10-15,181.40606689453125
706,2019-10-16,176.0135040283203
707,2019-10-17,178.02835083007812
708,2019-10-18,173.621337890625
709,2019-10-19,172.91302490234375
710,2019-10-20,175.5343780517578
711,2019-10-21,174.92098999023438
712,2019-10-22,172.3008575439453
713,2019-10-23,162.4027862548828
714,2019-10-24,162.16854858398438
715,2019-10-25,181.52320861816406
716,2019-10-26,179.83547973632812
717,2019-10-27,184.24221801757812
718,2019-10-28,182.66281127929688
719,2019-10-29,190.3425750732422
720,2019-10-30,184.69216918945312
721,2019-10-31,183.9669189453125
722,2019-11-01,183.9698944091797
723,2019-11-02,183.92572021484375
724,2019-11-03,182.42501831054688
725,2019-11-04,186.35519409179688
726,2019-11-05,189.30416870117188
727,2019-11-06,191.59384155273438
728,2019-11-07,187.97654724121094
729,2019-11-08,184.2114715576172
730,2019-11-09,185.02871704101562
731,2019-11-10,189.47727966308594
732,2019-11-11,185.48963928222656
733,2019-11-12,186.84341430664062
734,2019-11-13,188.2587432861328
735,2019-11-14,185.9996337890625
736,2019-11-15,180.52117919921875
737,2019-11-16,183.34835815429688
738,2019-11-17,185.11923217773438
739,2019-11-18,180.55960083007812
740,2019-11-19,177.45555114746094
741,2019-11-20,175.69834899902344
742,2019-11-21,161.4627227783203
743,2019-11-22,150.26817321777344
744,2019-11-23,153.41778564453125
745,2019-11-24,142.83470153808594
746,2019-11-25,146.47653198242188
747,2019-11-26,148.96507263183594
748,2019-11-27,153.01055908203125
749,2019-11-28,151.7175750732422
750,2019-11-29,155.3041534423828
751,2019-11-30,152.53968811035156
752,2019-12-01,151.18572998046875
753,2019-12-02,149.0591583251953
754,2019-12-03,147.9564208984375
755,2019-12-04,146.74774169921875
756,2019-12-05,149.24899291992188
757,2019-12-06,149.19444274902344
758,2019-12-07,148.76815795898438
759,2019-12-08,151.2647247314453
760,2019-12-09,148.2251739501953
761,2019-12-10,146.2670440673828
762,2019-12-11,143.60800170898438
763,2019-12-12,145.60400390625
764,2019-12-13,144.9447479248047
765,2019-12-14,142.86923217773438
766,2019-12-15,143.114990234375
767,2019-12-16,133.61402893066406
768,2019-12-17,122.60388946533203
769,2019-12-18,133.09219360351562
770,2019-12-19,129.32113647460938
771,2019-12-20,129.06605529785156
772,2019-12-21,128.13095092773438
773,2019-12-22,132.3725128173828
774,2019-12-23,128.6140899658203
775,2019-12-24,129.0638885498047
776,2019-12-25,126.45463562011719
777,2019-12-26,126.36122131347656
778,2019-12-27,127.21460723876953
779,2019-12-28,128.3227081298828
780,2019-12-29,134.7579803466797
781,2019-12-30,132.63348388671875
782,2019-12-31,129.61085510253906
783,2020-01-01,130.802001953125
784,2020-01-02,127.4101791381836
785,2020-01-03,134.1717071533203
786,2020-01-04,135.06936645507812
787,2020-01-05,136.2767791748047
788,2020-01-06,144.3041534423828
789,2020-01-07,143.5439910888672
790,2020-01-08,141.2581329345703
791,2020-01-09,138.9792022705078
792,2020-01-10,143.96377563476562
793,2020-01-11,142.92710876464844
794,2020-01-12,145.87393188476562
795,2020-01-13,144.22659301757812
796,2020-01-14,165.95535278320312
797,2020-01-15,166.23068237304688
798,2020-01-16,164.39100646972656
799,2020-01-17,170.7799530029297
800,2020-01-18,175.3656768798828
801,2020-01-19,166.9698486328125
802,2020-01-20,167.12051391601562
803,2020-01-21,169.69715881347656
804,2020-01-22,168.29415893554688
805,2020-01-23,162.92855834960938
806,2020-01-24,163.05117797851562
807,2020-01-25,161.283935546875
808,2020-01-26,168.0771026611328
809,2020-01-27,170.93089294433594
810,2020-01-28,176.3703155517578
811,2020-01-29,175.0503387451172
812,2020-01-30,184.6904754638672
813,2020-01-31,180.16017150878906
814,2020-02-01,183.6739501953125
815,2020-02-02,188.61753845214844
816,2020-02-03,189.8650665283203
817,2020-02-04,189.25059509277344
818,2020-02-05,204.23023986816406
819,2020-02-06,212.33908081054688
820,2020-02-07,222.72605895996094
821,2020-02-08,223.14651489257812
822,2020-02-09,228.5785675048828
823,2020-02-10,223.522705078125
824,2020-02-11,235.8511962890625
825,2020-02-12,265.4061279296875
826,2020-02-13,268.0992431640625
827,2020-02-14,284.2174987792969
828,2020-02-15,264.72857666015625
829,2020-02-16,259.89471435546875
830,2020-02-17,266.3634338378906
831,2020-02-18,281.944580078125
832,2020-02-19,259.76397705078125
833,2020-02-20,257.949462890625
834,2020-02-21,265.6006164550781
835,2020-02-22,262.33172607421875
836,2020-02-23,273.754150390625
837,2020-02-24,265.2164306640625
838,2020-02-25,247.81759643554688
839,2020-02-26,225.68026733398438
840,2020-02-27,226.75338745117188
841,2020-02-28,226.760498046875
842,2020-02-29,219.8485107421875
843,2020-03-01,218.97059631347656
844,2020-03-02,230.5697784423828
845,2020-03-03,224.47962951660156
846,2020-03-04,224.51797485351562
847,2020-03-05,229.2681884765625
848,2020-03-06,243.52529907226562
849,2020-03-07,237.85308837890625
850,2020-03-08,200.68905639648438
851,2020-03-09,201.986328125
852,2020-03-10,200.76724243164062
853,2020-03-11,194.8685302734375
854,2020-03-12,112.34712219238281
855,2020-03-13,133.20181274414062
856,2020-03-14,123.30602264404297
857,2020-03-15,125.21430206298828
858,2020-03-16,110.60587310791016
859,2020-03-17,113.9427490234375
860,2020-03-18,114.84226989746094
861,2020-03-19,136.59385681152344
862,2020-03-20,132.73716735839844
863,2020-03-21,132.81871032714844
864,2020-03-22,123.32115173339844
865,2020-03-23,134.91160583496094
866,2020-03-24,138.76144409179688
867,2020-03-25,136.19589233398438
868,2020-03-26,138.36155700683594
869,2020-03-27,133.9379425048828
870,2020-03-28,130.9864959716797
871,2020-03-29,125.58373260498047
872,2020-03-30,132.904541015625
873,2020-03-31,133.59356689453125
874,2020-04-01,135.63455200195312
875,2020-04-02,142.02914428710938
876,2020-04-03,142.09130859375
877,2020-04-04,145.21939086914062
878,2020-04-05,143.54664611816406
879,2020-04-06,169.13587951660156
880,2020-04-07,165.10194396972656
881,2020-04-08,172.64173889160156
882,2020-04-09,170.80714416503906
883,2020-04-10,158.41244506835938
884,2020-04-11,158.2160186767578
885,2020-04-12,161.14242553710938
886,2020-04-13,156.27955627441406
887,2020-04-14,157.5963897705078
888,2020-04-15,153.28689575195312
889,2020-04-16,172.15737915039062
890,2020-04-17,171.63858032226562
891,2020-04-18,186.91400146484375
892,2020-04-19,181.61495971679688
893,2020-04-20,172.2971649169922
894,2020-04-21,172.73770141601562
895,2020-04-22,182.59957885742188
896,2020-04-23,185.02867126464844
897,2020-04-24,189.2369384765625
898,2020-04-25,195.5153045654297
899,2020-04-26,197.31753540039062
900,2020-04-27,197.22471618652344
901,2020-04-28,198.41539001464844
902,2020-04-29,216.96823120117188
903,2020-04-30,207.60205078125
904,2020-05-01,214.21910095214844
905,2020-05-02,215.32537841796875
906,2020-05-03,210.9331512451172
907,2020-05-04,208.17401123046875
908,2020-05-05,206.77439880371094
909,2020-05-06,204.0557861328125
910,2020-05-07,212.28941345214844
911,2020-05-08,212.9915771484375
912,2020-05-09,211.60012817382812
913,2020-05-10,188.5995635986328
914,2020-05-11,185.912841796875
915,2020-05-12,189.3125
916,2020-05-13,199.1932830810547
917,2020-05-14,202.9490966796875
918,2020-05-15,195.62266540527344
919,2020-05-16,200.6771240234375
920,2020-05-17,207.15869140625
921,2020-05-18,214.52505493164062
922,2020-05-19,213.45111083984375
923,2020-05-20,210.09674072265625
924,2020-05-21,199.88360595703125
925,2020-05-22,207.169189453125
926,2020-05-23,208.69439697265625
927,2020-05-24,202.37034606933594
928,2020-05-25,205.3197479248047
929,2020-05-26,201.90231323242188
930,2020-05-27,208.86343383789062
931,2020-05-28,219.84042358398438
932,2020-05-29,220.6751251220703
933,2020-05-30,242.34559631347656
934,2020-05-31,230.9757080078125
935,2020-06-01,246.99176025390625
936,2020-06-02,237.21905517578125
937,2020-06-03,244.1793212890625
938,2020-06-04,244.4263916015625
939,2020-06-05,241.22198486328125
940,2020-06-06,241.9313201904297
941,2020-06-07,245.16725158691406
942,2020-06-08,246.30990600585938
943,2020-06-09,244.9114532470703
944,2020-06-10,247.4449462890625
945,2020-06-11,231.70266723632812
946,2020-06-12,237.4932098388672
947,2020-06-13,238.90884399414062
948,2020-06-14,234.1147003173828
949,2020-06-15,229.9289093017578
950,2020-06-16,234.41616821289062
951,2020-06-17,233.0282745361328
952,2020-06-18,232.10116577148438
953,2020-06-19,227.13829040527344
954,2020-06-20,229.27426147460938
955,2020-06-21,228.9898223876953
956,2020-06-22,242.53318786621094
957,2020-06-23,244.14215087890625
958,2020-06-24,235.7724609375
959,2020-06-25,232.94448852539062
960,2020-06-26,229.6680450439453
961,2020-06-27,222.9597930908203
962,2020-06-28,225.34716796875
963,2020-06-29,228.1948699951172
964,2020-06-30,226.31500244140625
965,2020-07-01,231.11341857910156
966,2020-07-02,229.39219665527344
967,2020-07-03,225.38706970214844
968,2020-07-04,229.07411193847656
969,2020-07-05,227.6645965576172
970,2020-07-06,241.51022338867188
971,2020-07-07,239.07553100585938
972,2020-07-08,246.67001342773438
973,2020-07-09,243.01596069335938
974,2020-07-10,240.9849853515625
975,2020-07-11,239.4581756591797
976,2020-07-12,242.13169860839844
977,2020-07-13,239.60458374023438
978,2020-07-14,240.21148681640625
979,2020-07-15,238.42352294921875
980,2020-07-16,233.64088439941406
981,2020-07-17,232.77308654785156
982,2020-07-18,235.4838104248047
983,2020-07-19,238.48751831054688
984,2020-07-20,236.15316772460938
985,2020-07-21,245.0167236328125
986,2020-07-22,262.1906433105469
987,2020-07-23,274.6890563964844
988,2020-07-24,279.2154235839844
989,2020-07-25,304.0567626953125
990,2020-07-26,309.64361572265625
991,2020-07-27,321.51409912109375
992,2020-07-28,316.6572570800781
993,2020-07-29,318.1908874511719
994,2020-07-30,334.5866394042969
995,2020-07-31,345.5546569824219
996,2020-08-01,385.19970703125
997,2020-08-02,370.6717224121094
998,2020-08-03,386.295166015625
999,2020-08-04,389.87548828125
1000,2020-08-05,401.590576171875
1001,2020-08-06,394.9619445800781
1002,2020-08-07,379.5128479003906
1003,2020-08-08,393.98736572265625
1004,2020-08-09,391.1204528808594
1005,2020-08-10,395.8875732421875
1006,2020-08-11,380.3840637207031
1007,2020-08-12,391.024169921875
1008,2020-08-13,428.7417907714844
1009,2020-08-14,437.3978271484375
1010,2020-08-15,433.35491943359375
1011,2020-08-16,433.78662109375
1012,2020-08-17,429.53125
1013,2020-08-18,423.6693115234375
1014,2020-08-19,406.4637756347656
1015,2020-08-20,416.4397888183594
1016,2020-08-21,389.1263427734375
1017,2020-08-22,395.83514404296875
1018,2020-08-23,391.3844909667969
1019,2020-08-24,408.1441955566406
1020,2020-08-25,384.00103759765625
1021,2020-08-26,386.46612548828125
1022,2020-08-27,382.63262939453125
1023,2020-08-28,395.8746643066406
1024,2020-08-29,399.9214782714844
1025,2020-08-30,428.3957214355469
1026,2020-08-31,435.0797424316406
1027,2020-09-01,477.0519104003906
1028,2020-09-02,440.0404968261719
1029,2020-09-03,385.67193603515625
1030,2020-09-04,388.24114990234375
1031,2020-09-05,335.26007080078125
1032,2020-09-06,353.3622741699219
1033,2020-09-07,352.6734924316406
1034,2020-09-08,337.60211181640625
1035,2020-09-09,351.1100158691406
1036,2020-09-10,368.1018981933594
1037,2020-09-11,374.6955871582031
1038,2020-09-12,387.18310546875
1039,2020-09-13,365.57000732421875
1040,2020-09-14,377.26885986328125
1041,2020-09-15,364.8392028808594
1042,2020-09-16,365.8122863769531
1043,2020-09-17,389.01922607421875
1044,2020-09-18,384.3645324707031
1045,2020-09-19,385.54437255859375
1046,2020-09-20,371.0528259277344
1047,2020-09-21,341.78607177734375
1048,2020-09-22,344.503173828125
1049,2020-09-23,321.1163024902344
1050,2020-09-24,349.3555908203125
1051,2020-09-25,352.1832580566406
1052,2020-09-26,355.48809814453125
1053,2020-09-27,357.4385070800781
1054,2020-09-28,355.159423828125
1055,2020-09-29,359.75738525390625
1056,2020-09-30,359.9378662109375
1057,2020-10-01,353.2059020996094
1058,2020-10-02,346.2389221191406
1059,2020-10-03,346.5220947265625
1060,2020-10-04,352.5790100097656
1061,2020-10-05,353.956787109375
1062,2020-10-06,340.81585693359375
1063,2020-10-07,341.80865478515625
1064,2020-10-08,350.7661437988281
1065,2020-10-09,365.5904846191406
1066,2020-10-10,370.96759033203125
1067,2020-10-11,375.1420593261719
1068,2020-10-12,387.73126220703125
1069,2020-10-13,381.1907653808594
1070,2020-10-14,379.4840393066406
1071,2020-10-15,377.44183349609375
1072,2020-10-16,366.22900390625
1073,2020-10-17,368.8559265136719
1074,2020-10-18,378.21368408203125
1075,2020-10-19,379.93560791015625
1076,2020-10-20,369.13690185546875
1077,2020-10-21,392.1899719238281
1078,2020-10-22,413.7729797363281
1079,2020-10-23,409.7666931152344
1080,2020-10-24,412.4576110839844
1081,2020-10-25,406.2177734375
1082,2020-10-26,393.8883056640625
1083,2020-10-27,403.9970397949219
1084,2020-10-28,388.6507568359375
1085,2020-10-29,386.7301025390625
1086,2020-10-30,382.8199768066406
1087,2020-10-31,386.59033203125
1088,2020-11-01,396.3581848144531
1089,2020-11-02,383.15673828125
1090,2020-11-03,387.6021728515625
1091,2020-11-04,402.1419982910156
1092,2020-11-05,414.0673522949219
1093,2020-11-06,454.71929931640625
1094,2020-11-07,435.713134765625
1095,2020-11-08,453.5547790527344
1096,2020-11-09,444.1630554199219
1097,2020-11-10,449.67962646484375
1098,2020-11-11,462.9605407714844
1099,2020-11-12,461.0052795410156
1100,2020-11-13,474.6264343261719
1101,2020-11-14,460.14984130859375
1102,2020-11-15,447.55908203125
1103,2020-11-16,459.9403076171875
1104,2020-11-17,480.3600769042969
1105,2020-11-18,479.48406982421875
1106,2020-11-19,471.63043212890625
1107,2020-11-20,509.74456787109375
1108,2020-11-21,549.4866333007812
1109,2020-11-22,558.068115234375
1110,2020-11-23,608.4540405273438
1111,2020-11-24,603.8977661132812
1112,2020-11-25,570.6866455078125
1113,2020-11-26,518.8011474609375
1114,2020-11-27,517.4937133789062
1115,2020-11-28,538.2297973632812
1116,2020-11-29,575.758056640625
1117,2020-11-30,614.842529296875
1118,2020-12-01,587.3241577148438
1119,2020-12-02,598.3523559570312
1120,2020-12-03,616.708740234375
1121,2020-12-04,569.3541870117188
1122,2020-12-05,596.595458984375
1123,2020-12-06,601.9089965820312
1124,2020-12-07,591.8433837890625
1125,2020-12-08,554.8277587890625
1126,2020-12-09,573.4791259765625
1127,2020-12-10,559.6785278320312
1128,2020-12-11,545.79736328125
1129,2020-12-12,568.5673217773438
1130,2020-12-13,589.6632080078125
1131,2020-12-14,586.0111694335938
1132,2020-12-15,589.3555908203125
1133,2020-12-16,636.1818237304688
1134,2020-12-17,642.8689575195312
1135,2020-12-18,654.8119506835938
1136,2020-12-19,659.2979125976562
1137,2020-12-20,638.2908325195312
1138,2020-12-21,609.81787109375
1139,2020-12-22,634.8541870117188
1140,2020-12-23,583.714599609375
1141,2020-12-24,611.607177734375
1142,2020-12-25,626.4107055664062
1143,2020-12-26,635.8358154296875
1144,2020-12-27,682.642333984375
1145,2020-12-28,730.3973388671875
1146,2020-12-29,731.5201416015625
1147,2020-12-30,751.6189575195312
1148,2020-12-31,737.8034057617188
1149,2021-01-01,730.3675537109375
1150,2021-01-02,774.5349731445312
1151,2021-01-03,975.5076904296875
1152,2021-01-04,1040.2330322265625
1153,2021-01-05,1100.006103515625
1154,2021-01-06,1207.1121826171875
1155,2021-01-07,1225.6781005859375
1156,2021-01-08,1224.1971435546875
1157,2021-01-09,1281.0772705078125
1158,2021-01-10,1262.2467041015625
1159,2021-01-11,1090.1453857421875
1160,2021-01-12,1043.4345703125
1161,2021-01-13,1130.7393798828125
1162,2021-01-14,1218.4530029296875
1163,2021-01-15,1171.8345947265625
1164,2021-01-16,1233.53759765625
1165,2021-01-17,1230.1722412109375
1166,2021-01-18,1257.279541015625
1167,2021-01-19,1377.2958984375
1168,2021-01-20,1382.2740478515625
1169,2021-01-21,1121.5709228515625
1170,2021-01-22,1236.51220703125
1171,2021-01-23,1230.9906005859375
1172,2021-01-24,1391.609375
1173,2021-01-25,1324.414794921875
1174,2021-01-26,1357.05810546875
1175,2021-01-27,1253.1871337890625
1176,2021-01-28,1332.4921875
1177,2021-01-29,1382.5228271484375
1178,2021-01-30,1376.115478515625
1179,2021-01-31,1314.9862060546875
1180,2021-02-01,1369.04052734375
1181,2021-02-02,1515.1937255859375
1182,2021-02-03,1660.9095458984375
1183,2021-02-04,1594.7626953125
1184,2021-02-05,1718.65087890625
1185,2021-02-06,1677.8468017578125
1186,2021-02-07,1614.227783203125
1187,2021-02-08,1746.6168212890625
1188,2021-02-09,1768.0350341796875
1189,2021-02-10,1744.243408203125
1190,2021-02-11,1783.7979736328125
1191,2021-02-12,1843.5325927734375
1192,2021-02-13,1814.10986328125
1193,2021-02-14,1805.0841064453125
1194,2021-02-15,1779.791015625
1195,2021-02-16,1781.0675048828125
1196,2021-02-17,1848.458251953125
1197,2021-02-18,1937.44921875
1198,2021-02-19,1960.164794921875
1199,2021-02-20,1919.5340576171875
1200,2021-02-21,1935.60107421875
1201,2021-02-22,1781.992919921875
1202,2021-02-23,1570.2039794921875
1203,2021-02-24,1626.57568359375
1204,2021-02-25,1475.7037353515625
1205,2021-02-26,1446.03369140625
1206,2021-02-27,1459.97314453125
1207,2021-02-28,1416.0489501953125
1208,2021-03-01,1564.7076416015625
1209,2021-03-02,1492.6087646484375
1210,2021-03-03,1575.8531494140625
1211,2021-03-04,1541.914306640625
1212,2021-03-05,1533.2750244140625
1213,2021-03-06,1654.7415771484375
1214,2021-03-07,1723.15380859375
1215,2021-03-08,1834.7279052734375
1216,2021-03-09,1868.048828125
1217,2021-03-10,1799.166259765625
1218,2021-03-11,1826.1949462890625
1219,2021-03-12,1772.1024169921875
1220,2021-03-13,1924.6854248046875
1221,2021-03-14,1854.5643310546875
1222,2021-03-15,1791.7022705078125
1223,2021-03-16,1806.9718017578125
1224,2021-03-17,1823.4493408203125
1225,2021-03-18,1782.8551025390625
1226,2021-03-19,1817.6241455078125
1227,2021-03-20,1812.6346435546875
1228,2021-03-21,1788.217041015625
1229,2021-03-22,1691.333984375
1230,2021-03-23,1678.650146484375
1231,2021-03-24,1593.4134521484375
1232,2021-03-25,1595.3592529296875
1233,2021-03-26,1702.842041015625
1234,2021-03-27,1716.49462890625
1235,2021-03-28,1691.35595703125
1236,2021-03-29,1819.6849365234375
1237,2021-03-30,1846.03369140625
1238,2021-03-31,1918.362060546875
1239,2021-04-01,1977.27685546875
1240,2021-04-02,2143.2255859375
1241,2021-04-03,2028.4224853515625
1242,2021-04-04,2093.122802734375
1243,2021-04-05,2107.88720703125
1244,2021-04-06,2118.37890625
1245,2021-04-07,1971.0772705078125
1246,2021-04-08,2088.57373046875
1247,2021-04-09,2072.10888671875
1248,2021-04-10,2135.942138671875
1249,2021-04-11,2157.656982421875
1250,2021-04-12,2139.353271484375
1251,2021-04-13,2299.187744140625
1252,2021-04-14,2435.10498046875
1253,2021-04-15,2519.1162109375
1254,2021-04-16,2431.946533203125
1255,2021-04-17,2344.89501953125
1256,2021-04-18,2237.136962890625
1257,2021-04-19,2166.188720703125
1258,2021-04-20,2330.2109375
1259,2021-04-21,2364.751708984375
1260,2021-04-22,2403.53515625
1261,2021-04-23,2363.586181640625
1262,2021-04-24,2211.625732421875
1263,2021-04-25,2316.0595703125
1264,2021-04-26,2534.481689453125
1265,2021-04-27,2662.865234375
1266,2021-04-28,2746.380126953125
1267,2021-04-29,2756.876953125
1268,2021-04-30,2773.20703125
1269,2021-05-01,2945.892822265625
1270,2021-05-02,2952.05615234375
1271,2021-05-03,3431.086181640625
1272,2021-05-04,3253.62939453125
1273,2021-05-05,3522.783203125
1274,2021-05-06,3490.88037109375
1275,2021-05-07,3484.72900390625
1276,2021-05-08,3902.647705078125
1277,2021-05-09,3928.8447265625
1278,2021-05-10,3952.2939453125
1279,2021-05-11,4168.701171875
1280,2021-05-12,3785.8486328125
1281,2021-05-13,3715.1484375
1282,2021-05-14,4079.057373046875
1283,2021-05-15,3638.1220703125
1284,2021-05-16,3587.506103515625
1285,2021-05-17,3282.397705078125
1286,2021-05-18,3380.070068359375
1287,2021-05-19,2460.67919921875
1288,2021-05-20,2784.294189453125
1289,2021-05-21,2430.621337890625
1290,2021-05-22,2295.70556640625
1291,2021-05-23,2109.579833984375
1292,2021-05-24,2643.591064453125
1293,2021-05-25,2706.62890625
1294,2021-05-26,2888.69873046875
1295,2021-05-27,2736.488525390625
1296,2021-05-28,2419.90625
1297,2021-05-29,2279.51416015625
1298,2021-05-30,2390.305419921875
1299,2021-05-31,2714.9453125
1300,2021-06-01,2633.518310546875
1301,2021-06-02,2706.125
1302,2021-06-03,2855.12646484375
1303,2021-06-04,2688.195068359375
1304,2021-06-05,2630.576904296875
1305,2021-06-06,2715.0927734375
1306,2021-06-07,2590.26318359375
1307,2021-06-08,2517.438720703125
1308,2021-06-09,2608.26708984375
1309,2021-06-10,2471.5185546875
1310,2021-06-11,2353.768798828125
1311,2021-06-12,2372.484375
1312,2021-06-13,2508.3916015625
1313,2021-06-14,2537.89111328125
1314,2021-06-15,2610.936767578125
1315,2021-06-16,2367.66357421875
1316,2021-06-17,2372.001953125
1317,2021-06-18,2231.733154296875
1318,2021-06-19,2178.4990234375
1319,2021-06-20,2246.364501953125
1320,2021-06-21,1888.447509765625
1321,2021-06-22,1874.9500732421875
1322,2021-06-23,1989.736328125
1323,2021-06-24,1988.456298828125
1324,2021-06-25,1813.21728515625
1325,2021-06-26,1829.2392578125
1326,2021-06-27,1978.8946533203125
1327,2021-06-28,2079.657470703125
1328,2021-06-29,2160.768310546875
1329,2021-06-30,2274.547607421875
1330,2021-07-01,2113.60546875
1331,2021-07-02,2150.040283203125
1332,2021-07-03,2226.1142578125
1333,2021-07-04,2321.72412109375
1334,2021-07-05,2198.58251953125
1335,2021-07-06,2324.679443359375
1336,2021-07-07,2315.161865234375
1337,2021-07-08,2120.0263671875
1338,2021-07-09,2146.6923828125
1339,2021-07-10,2111.403564453125
1340,2021-07-11,2139.664794921875
1341,2021-07-12,2036.7210693359375
1342,2021-07-13,1940.083984375
1343,2021-07-14,1994.331298828125
1344,2021-07-15,1911.1756591796875
1345,2021-07-16,1880.3829345703125
1346,2021-07-17,1898.8251953125
1347,2021-07-18,1895.5521240234375
1348,2021-07-19,1817.296630859375
1349,2021-07-20,1787.5107421875
1350,2021-07-21,1990.9708251953125
1351,2021-07-22,2025.2027587890625
1352,2021-07-23,2124.776611328125
1353,2021-07-24,2189.21875
1354,2021-07-25,2191.373779296875
1355,2021-07-26,2233.36669921875
1356,2021-07-27,2298.33349609375
1357,2021-07-28,2296.54541015625
1358,2021-07-29,2380.956787109375
1359,2021-07-30,2466.96142578125
1360,2021-07-31,2536.2099609375
1361,2021-08-01,2561.85205078125
1362,2021-08-02,2610.1533203125
1363,2021-08-03,2502.349609375
1364,2021-08-04,2724.619873046875
1365,2021-08-05,2827.328857421875
1366,2021-08-06,2890.941650390625
1367,2021-08-07,3157.23876953125
1368,2021-08-08,3013.732666015625
1369,2021-08-09,3167.856201171875
1370,2021-08-10,3141.691162109375
1371,2021-08-11,3164.2451171875
1372,2021-08-12,3043.414306640625
1373,2021-08-13,3322.211669921875
1374,2021-08-14,3265.443359375
1375,2021-08-15,3310.504150390625
1376,2021-08-16,3156.509521484375
1377,2021-08-17,3014.845947265625
1378,2021-08-18,3020.08984375
1379,2021-08-19,3182.7021484375
1380,2021-08-20,3286.935302734375
1381,2021-08-21,3226.083984375
1382,2021-08-22,3242.115478515625
1383,2021-08-23,3319.25732421875
1384,2021-08-24,3172.456298828125
1385,2021-08-25,3224.915283203125
1386,2021-08-26,3100.325439453125
1387,2021-08-27,3270.600830078125
1388,2021-08-28,3244.4033203125
1389,2021-08-29,3227.002685546875
1390,2021-08-30,3224.374267578125
1391,2021-08-31,3433.732666015625
1392,2021-09-01,3834.828125
1393,2021-09-02,3790.989990234375
1394,2021-09-03,3940.61474609375
1395,2021-09-04,3887.828369140625
1396,2021-09-05,3952.133544921875
1397,2021-09-06,3928.37939453125
1398,2021-09-07,3426.394287109375
1399,2021-09-08,3497.315185546875
1400,2021-09-09,3427.340087890625
1401,2021-09-10,3211.505859375
1402,2021-09-11,3270.278076171875
1403,2021-09-12,3410.134521484375
1404,2021-09-13,3285.51171875
1405,2021-09-14,3429.169677734375
1406,2021-09-15,3615.28271484375
1407,2021-09-16,3571.294921875
1408,2021-09-17,3398.538818359375
1409,2021-09-18,3432.018310546875
1410,2021-09-19,3329.447998046875
1411,2021-09-20,2958.993408203125
1412,2021-09-21,2764.43115234375
1413,2021-09-22,3077.867919921875
1414,2021-09-23,3155.523681640625
1415,2021-09-24,2931.669189453125
1416,2021-09-25,2925.565673828125
1417,2021-09-26,3062.265380859375
1418,2021-09-27,2934.138916015625
1419,2021-09-28,2807.296630859375
1420,2021-09-29,2853.143310546875
1421,2021-09-30,3001.678955078125
1422,2021-10-01,3307.51611328125
1423,2021-10-02,3391.6943359375
1424,2021-10-03,3418.358642578125
1425,2021-10-04,3380.089111328125
1426,2021-10-05,3518.5185546875
1427,2021-10-06,3580.56201171875
1428,2021-10-07,3587.974853515625
1429,2021-10-08,3563.75927734375
1430,2021-10-09,3575.716796875
1431,2021-10-10,3425.852783203125
1432,2021-10-11,3545.35400390625
1433,2021-10-12,3492.5732421875
1434,2021-10-13,3606.20166015625
1435,2021-10-14,3786.01416015625
1436,2021-10-15,3862.634765625
1437,2021-10-16,3830.382080078125
1438,2021-10-17,3847.1044921875
1439,2021-10-18,3748.76025390625
1440,2021-10-19,3877.65087890625
1441,2021-10-20,4155.9921875
1442,2021-10-21,4054.32275390625
1443,2021-10-22,3970.181884765625
1444,2021-10-23,4171.66357421875
1445,2021-10-24,4087.903076171875
1446,2021-10-25,4217.876953125
1447,2021-10-26,4131.10205078125
1448,2021-10-27,3930.25732421875
1449,2021-10-28,4287.31884765625
1450,2021-10-29,4414.74658203125
1451,2021-10-30,4325.650390625
1452,2021-10-31,4288.07421875
1453,2021-11-01,4324.626953125
1454,2021-11-02,4584.798828125
1455,2021-11-03,4607.19384765625
1456,2021-11-04,4537.32421875
1457,2021-11-05,4486.2431640625
1458,2021-11-06,4521.5810546875
1459,2021-11-07,4620.5546875
1460,2021-11-08,4812.08740234375
1461,2021-11-09,4735.06884765625
1462,2021-11-10,4636.17431640625
1463,2021-11-11,4730.38427734375
1464,2021-11-12,4667.115234375
1465,2021-11-13,4651.46044921875
1466,2021-11-14,4626.35888671875
1467,2021-11-15,4557.50390625
1468,2021-11-16,4216.365234375
1469,2021-11-17,4287.59375
1470,2021-11-18,4000.65087890625
1471,2021-11-19,4298.306640625
1472,2021-11-20,4409.93115234375
1473,2021-11-21,4269.73291015625
1474,2021-11-22,4088.457763671875
1475,2021-11-23,4340.763671875
1476,2021-11-24,4239.9814453125
1477,2021-11-25,4274.7431640625
1478,2021-11-26,4030.908935546875
1479,2021-11-27,4096.912109375
1480,2021-11-28,4294.45361328125
1481,2021-11-29,4445.10498046875
1482,2021-11-30,4631.47900390625
1483,2021-12-01,4586.990234375
1484,2021-12-02,4511.30224609375
1485,2021-12-03,4220.7060546875
1486,2021-12-04,4119.58740234375
1487,2021-12-05,4198.32275390625
1488,2021-12-06,4358.7373046875
1489,2021-12-07,4315.0615234375
1490,2021-12-08,4439.35791015625
1491,2021-12-09,4119.81591796875
1492,2021-12-10,3908.49609375
1493,2021-12-11,4084.452392578125
1494,2021-12-12,4134.453125
1495,2021-12-13,3784.226806640625
1496,2021-12-14,3745.4404296875
1497,2021-12-15,4018.388671875
1498,2021-12-16,3962.4697265625
1499,2021-12-17,3879.486572265625
1500,2021-12-18,3960.860107421875
1501,2021-12-19,3922.592529296875
1502,2021-12-20,3933.844482421875
1503,2021-12-21,4020.260009765625
1504,2021-12-22,3982.099609375
1505,2021-12-23,4108.015625
1506,2021-12-24,4047.98291015625
1507,2021-12-25,4093.281005859375
1508,2021-12-26,4067.328125
1509,2021-12-27,4037.547607421875
1510,2021-12-28,3800.89306640625
1511,2021-12-29,3628.53173828125
1512,2021-12-30,3713.85205078125
1513,2021-12-31,3682.6328125
1514,2022-01-01,3769.697021484375
1515,2022-01-02,3829.56494140625
1516,2022-01-03,3761.38037109375
1517,2022-01-04,3794.056640625
1518,2022-01-05,3550.386962890625
1519,2022-01-06,3418.408203125
1520,2022-01-07,3193.21044921875
1521,2022-01-08,3091.97265625
1522,2022-01-09,3157.75146484375
1523,2022-01-10,3083.097900390625
1524,2022-01-11,3238.111572265625
1525,2022-01-12,3372.25830078125
1526,2022-01-13,3248.28857421875
1527,2022-01-14,3310.00146484375
1528,2022-01-15,3330.53076171875
1529,2022-01-16,3350.921875
1530,2022-01-17,3212.304931640625
1531,2022-01-18,3164.025146484375
1532,2022-01-19,3095.825927734375
1533,2022-01-20,3001.1201171875
1534,2022-01-21,2557.931640625
1535,2022-01-22,2405.18115234375
1536,2022-01-23,2535.0390625
1537,2022-01-24,2440.352294921875
1538,2022-01-25,2455.93505859375
1539,2022-01-26,2468.0302734375
1540,2022-01-27,2423.001220703125
1541,2022-01-28,2547.092041015625
1542,2022-01-29,2597.084716796875
1543,2022-01-30,2603.466552734375
1544,2022-01-31,2688.27880859375
1545,2022-02-01,2792.1171875
1546,2022-02-02,2682.85400390625
1547,2022-02-03,2679.16259765625
1548,2022-02-04,2983.5869140625
1549,2022-02-05,3014.648193359375
1550,2022-02-06,3057.47607421875
1551,2022-02-07,3142.470703125
1552,2022-02-08,3122.608642578125
1553,2022-02-09,3239.45703125
1554,2022-02-10,3077.482177734375
1555,2022-02-11,2927.383544921875
1556,2022-02-12,2917.36279296875
1557,2022-02-13,2883.46337890625
1558,2022-02-14,2933.47900390625
1559,2022-02-15,3179.877197265625
1560,2022-02-16,3127.830078125
1561,2022-02-17,2881.48193359375
1562,2022-02-18,2785.7275390625
1563,2022-02-19,2763.701171875
1564,2022-02-20,2628.6484375
1565,2022-02-21,2573.816162109375
1566,2022-02-22,2639.29931640625
1567,2022-02-23,2590.359619140625
1568,2022-02-24,2598.067138671875
1569,2022-02-25,2764.53564453125
1570,2022-02-26,2781.11181640625
1571,2022-02-27,2621.8017578125
1572,2022-02-28,2919.201171875
1573,2022-03-01,2972.485107421875
1574,2022-03-02,2950.118408203125
1575,2022-03-03,2834.468994140625
1576,2022-03-04,2617.156005859375
1577,2022-03-05,2664.8310546875
1578,2022-03-06,2555.037353515625
1579,2022-03-07,2497.771240234375
1580,2022-03-08,2576.74755859375
1581,2022-03-09,2729.783447265625
1582,2022-03-10,2608.048583984375
1583,2022-03-11,2559.56298828125
1584,2022-03-12,2574.754150390625
1585,2022-03-13,2518.944580078125
1586,2022-03-14,2590.696044921875
1587,2022-03-15,2620.149658203125
1588,2022-03-16,2772.0556640625
1589,2022-03-17,2814.8544921875
1590,2022-03-18,2945.343017578125
1591,2022-03-19,2946.257080078125
1592,2022-03-20,2860.459228515625
1593,2022-03-21,2897.9765625
1594,2022-03-22,2973.131103515625
1595,2022-03-23,3031.067138671875
1596,2022-03-24,3108.06201171875
1597,2022-03-25,3106.67138671875
1598,2022-03-26,3143.178955078125
1599,2022-03-27,3291.57763671875
1600,2022-03-28,3336.634521484375
1601,2022-03-29,3401.98779296875
1602,2022-03-30,3385.157958984375
1603,2022-03-31,3281.642822265625
1604,2022-04-01,3449.55224609375
1605,2022-04-02,3445.059326171875
1606,2022-04-03,3522.83349609375
1607,2022-04-04,3521.2412109375
1608,2022-04-05,3411.79248046875
1609,2022-04-06,3171.69189453125
1610,2022-04-07,3233.274658203125
1611,2022-04-08,3192.073974609375
1612,2022-04-09,3261.916259765625
1613,2022-04-10,3211.866943359375
1614,2022-04-11,2981.05224609375
1615,2022-04-12,3030.37646484375
1616,2022-04-13,3118.34423828125
1617,2022-04-14,3019.909423828125
1618,2022-04-15,3040.91650390625
1619,2022-04-16,3062.310302734375
1620,2022-04-17,2993.4033203125
1621,2022-04-18,3057.606689453125
1622,2022-04-19,3104.1064453125
1623,2022-04-20,3077.745849609375
1624,2022-04-21,2987.480712890625
1625,2022-04-22,2964.835693359375
1626,2022-04-23,2938.114013671875
1627,2022-04-24,2922.732666015625
1628,2022-04-25,3009.3935546875
1629,2022-04-26,2808.29833984375
1630,2022-04-27,2888.9296875
1631,2022-04-28,2936.94091796875
1632,2022-04-29,2815.601806640625
1633,2022-04-30,2730.186767578125
1634,2022-05-01,2827.756103515625
1635,2022-05-02,2857.410400390625
1636,2022-05-03,2783.476318359375
1637,2022-05-04,2940.644775390625
1638,2022-05-05,2749.213134765625
1639,2022-05-06,2694.979736328125
1640,2022-05-07,2636.093017578125
1641,2022-05-08,2517.4599609375
1642,2022-05-09,2245.430419921875
1643,2022-05-10,2343.510986328125
1644,2022-05-11,2072.108642578125
1645,2022-05-12,1961.7015380859375
1646,2022-05-13,2014.418212890625
1647,2022-05-14,2056.27392578125
1648,2022-05-15,2145.706787109375
1649,2022-05-16,2022.7259521484375
1650,2022-05-17,2090.4091796875
1651,2022-05-18,1916.6561279296875
1652,2022-05-19,2018.336181640625
1653,2022-05-20,1961.315673828125
1654,2022-05-21,1974.518310546875
1655,2022-05-22,2043.170166015625
1656,2022-05-23,1972.181884765625
1657,2022-05-24,1978.9827880859375
1658,2022-05-25,1944.827880859375
1659,2022-05-26,1803.913330078125
1660,2022-05-27,1724.9228515625
1661,2022-05-28,1757.9417724609375
1662,2022-05-29,1812.031005859375
1663,2022-05-30,1996.4412841796875
1664,2022-05-31,1942.3280029296875
1665,2022-06-01,1823.5693359375
1666,2022-06-02,1834.1505126953125
1667,2022-06-03,1775.07861328125
1668,2022-06-04,1801.6094970703125
1669,2022-06-05,1805.2049560546875
1670,2022-06-06,1859.2896728515625
1671,2022-06-07,1814.04833984375
1672,2022-06-08,1793.572265625
1673,2022-06-09,1789.8260498046875
1674,2022-06-10,1665.042236328125
1675,2022-06-11,1529.6634521484375
1676,2022-06-12,1445.216552734375
1677,2022-06-13,1204.582763671875
1678,2022-06-14,1211.662841796875
1679,2022-06-15,1233.2064208984375
1680,2022-06-16,1067.730712890625
1681,2022-06-17,1086.519287109375
1682,2022-06-18,993.6367797851562
1683,2022-06-19,1127.656494140625
1684,2022-06-20,1127.6424560546875
1685,2022-06-21,1124.8245849609375
1686,2022-06-22,1051.421875
1687,2022-06-23,1143.38671875
1688,2022-06-24,1226.8447265625
1689,2022-06-25,1243.4468994140625
1690,2022-06-26,1199.8316650390625
1691,2022-06-27,1193.6806640625
1692,2022-06-28,1144.5792236328125
1693,2022-06-29,1098.94384765625
1694,2022-06-30,1067.298828125
1695,2022-07-01,1059.767333984375
1696,2022-07-02,1066.5128173828125
1697,2022-07-03,1073.7669677734375
1698,2022-07-04,1151.05908203125
1699,2022-07-05,1134.541015625
1700,2022-07-06,1186.9739990234375
1701,2022-07-07,1237.5933837890625
1702,2022-07-08,1222.5062255859375
1703,2022-07-09,1216.978271484375
1704,2022-07-10,1168.401611328125
1705,2022-07-11,1097.236572265625
1706,2022-07-12,1038.191650390625
1707,2022-07-13,1113.587158203125
1708,2022-07-14,1191.5262451171875
1709,2022-07-15,1233.129150390625
1710,2022-07-16,1352.62646484375
1711,2022-07-17,1338.6357421875
1712,2022-07-18,1578.7178955078125
1713,2022-07-19,1542.9752197265625
1714,2022-07-20,1520.20068359375
1715,2022-07-21,1576.74951171875
1716,2022-07-22,1537.4051513671875
1717,2022-07-23,1549.2974853515625
1718,2022-07-24,1599.4766845703125
1719,2022-07-25,1445.3834228515625
1720,2022-07-26,1441.8067626953125
1721,2022-07-27,1636.232666015625
1722,2022-07-28,1725.4681396484375
1723,2022-07-29,1727.406982421875
1724,2022-07-30,1695.969482421875
1725,2022-07-31,1681.517333984375
1726,2022-08-01,1635.19580078125
1727,2022-08-02,1632.9454345703125
1728,2022-08-03,1618.87451171875
1729,2022-08-04,1608.205810546875
1730,2022-08-05,1732.254638671875
1731,2022-08-06,1691.6580810546875
1732,2022-08-07,1699.350830078125
1733,2022-08-08,1775.51611328125
1734,2022-08-09,1703.0250244140625
1735,2022-08-10,1851.74267578125
1736,2022-08-11,1881.22412109375
1737,2022-08-12,1957.2464599609375
1738,2022-08-13,1981.3365478515625
1739,2022-08-14,1936.802001953125
1740,2022-08-15,1904.2281494140625
1741,2022-08-16,1878.139404296875
1742,2022-08-17,1832.9996337890625
1743,2022-08-18,1847.0078125
1744,2022-08-19,1612.9873046875
1745,2022-08-20,1577.0037841796875
1746,2022-08-21,1619.3189697265625
1747,2022-08-22,1622.505859375
1748,2022-08-23,1662.7698974609375
1749,2022-08-24,1657.0592041015625
1750,2022-08-25,1696.45703125
1751,2022-08-26,1507.7828369140625
1752,2022-08-27,1491.39501953125
1753,2022-08-28,1430.54736328125
1754,2022-08-29,1553.037353515625
1755,2022-08-30,1523.8388671875
1756,2022-08-31,1553.6849365234375
1757,2022-09-01,1586.1767578125
1758,2022-09-02,1577.220458984375
1759,2022-09-03,1556.8726806640625
1760,2022-09-04,1577.6416015625
1761,2022-09-05,1617.1832275390625
1762,2022-09-06,1561.74853515625
1763,2022-09-07,1629.9063720703125
1764,2022-09-08,1635.34765625
1765,2022-09-09,1719.08544921875
1766,2022-09-10,1776.2037353515625
1767,2022-09-11,1761.800048828125
1768,2022-09-12,1713.7652587890625
1769,2022-09-13,1580.7879638671875
1770,2022-09-14,1634.7550048828125
1771,2022-09-15,1471.6934814453125
1772,2022-09-16,1432.44775390625
1773,2022-09-17,1469.74169921875
1774,2022-09-18,1437.3416748046875
